{
    "FLAME_Dataset": {
        "name": "20250826_72I_tutorial_5to40F",
        "type": "tutorial",
        "id": "0x0003",
        "image_shapes": [
            [
                1,
                3,
                1200,
                1196
            ],
            [
                1,
                3,
                1200,
                1200
            ]
        ],
        "input": {
            "n_frames": 5,
            "pixel_mean": 383.715138209387,
            "pixel_min": 0,
            "pixel_max": 16250,
            "pixel_p1pct": [
                0,
                0,
                0
            ],
            "pixel_1pct": [
                0,
                0,
                0
            ],
            "pixel_5pct": [
                0,
                0,
                0
            ],
            "pixel_95pct": [
                888,
                1100,
                1200
            ],
            "pixel_99pct": [
                1332,
                1800,
                1800
            ],
            "pixel_99p9pct": [
                2000,
                3000,
                3000
            ],
            "pixel_std": 380.199180248274
        },
        "output": {
            "n_frames": 40,
            "pixel_mean": 3061.8569394657247,
            "pixel_min": 0,
            "pixel_max": 117800,
            "pixel_p1pct": [
                0,
                0,
                0
            ],
            "pixel_1pct": [
                0,
                111,
                166
            ],
            "pixel_5pct": [
                400,
                400,
                600
            ],
            "pixel_95pct": [
                5800,
                7600,
                7985
            ],
            "pixel_99pct": [
                8486,
                13154,
                12986
            ],
            "pixel_99p9pct": [
                14400,
                21800,
                22000
            ],
            "pixel_std": 2373.3932541658423
        },
        "image_ids": [
            110,
            111,
            112,
            113,
            114,
            115,
            116,
            117,
            118,
            119,
            120,
            121,
            122,
            123,
            124,
            125,
            126,
            127,
            128,
            129,
            130,
            131,
            132,
            133,
            134,
            135,
            136,
            137,
            138,
            139,
            140,
            141,
            142,
            143,
            144,
            145,
            155,
            156,
            157,
            158,
            159,
            160,
            161,
            162,
            163,
            164,
            165,
            166,
            167,
            168,
            169,
            170,
            171,
            172,
            173,
            174,
            175,
            176,
            177,
            178,
            179,
            180,
            181,
            182,
            183,
            184,
            185,
            186,
            187,
            188,
            189,
            190
        ],
        "test_ids": [
            128,
            130,
            182,
            183,
            160,
            127,
            133
        ]
    }
}