{
    "FLAME_Dataset": {
        "name": "20250527_112I_denoising_5to40F",
        "type": "denoising",
        "image_shapes": [
            [
                3,
                1200,
                1200
            ],
            [
                3,
                1200,
                1196
            ]
        ],
        "input": {
            "n_frames": 5,
            "pixel_mean": 369.7408385741502,
            "pixel_min": 0,
            "pixel_max": 16250,
            "pixel_p1pct": [
                0,
                0,
                0
            ],
            "pixel_1pct": [
                0,
                0,
                0
            ],
            "pixel_5pct": [
                0,
                0,
                0
            ],
            "pixel_95pct": [
                800,
                1000,
                1283
            ],
            "pixel_99pct": [
                1200,
                1665,
                2000
            ],
            "pixel_99p9pct": [
                2000,
                3000,
                3200
            ],
            "pixel_std": 384.0515504138693
        },
        "output": {
            "n_frames": 40,
            "pixel_mean": 2952.688675850614,
            "pixel_min": 0,
            "pixel_max": 117800,
            "pixel_p1pct": [
                0,
                0,
                0
            ],
            "pixel_1pct": [
                0,
                0,
                200
            ],
            "pixel_5pct": [
                250,
                400,
                720
            ],
            "pixel_95pct": [
                5200,
                6500,
                8600
            ],
            "pixel_99pct": [
                7875,
                11976,
                13820
            ],
            "pixel_99p9pct": [
                14820,
                22123,
                23488
            ],
            "pixel_std": 2446.6147760460663
        },
        "image_ids": [
            11,
            12,
            13,
            14,
            15,
            16,
            17,
            18,
            19,
            20,
            21,
            22,
            23,
            24,
            25,
            26,
            57,
            58,
            59,
            60,
            61,
            62,
            63,
            64,
            65,
            66,
            67,
            68,
            69,
            70,
            71,
            72,
            73,
            74,
            75,
            76,
            77,
            78,
            79,
            80,
            110,
            111,
            112,
            113,
            114,
            115,
            116,
            117,
            118,
            119,
            120,
            121,
            122,
            123,
            124,
            125,
            126,
            127,
            128,
            129,
            130,
            131,
            132,
            133,
            134,
            135,
            136,
            137,
            138,
            139,
            140,
            141,
            142,
            143,
            144,
            145,
            155,
            156,
            157,
            158,
            159,
            160,
            161,
            162,
            163,
            164,
            165,
            166,
            167,
            168,
            169,
            170,
            171,
            172,
            173,
            174,
            175,
            176,
            177,
            178,
            179,
            180,
            181,
            182,
            183,
            184,
            185,
            186,
            187,
            188,
            189,
            190
        ],
        "test_ids": [
            165,
            118,
            67,
            63,
            13,
            141,
            65,
            13,
            58,
            62,
            58
        ]
    }
}