{
    "FLAME_Dataset": {
        "name": "20250618_224I_denoising_5to40F",
        "type": "denoising",
        "id": "0x0003",
        "image_shapes": [
            [
                1,
                3,
                1200,
                1200
            ],
            [
                1,
                3,
                1200,
                1196
            ]
        ],
        "input": {
            "n_frames": 5,
            "pixel_mean": 378.72098887921106,
            "pixel_min": 0,
            "pixel_max": 28400,
            "pixel_p1pct": [
                0,
                0,
                0
            ],
            "pixel_1pct": [
                0,
                0,
                0
            ],
            "pixel_5pct": [
                0,
                0,
                0
            ],
            "pixel_95pct": [
                832,
                1000,
                1400
            ],
            "pixel_99pct": [
                1400,
                1800,
                2200
            ],
            "pixel_99p9pct": [
                2400,
                3141,
                4165
            ],
            "pixel_std": 420.2389718127719
        },
        "output": {
            "n_frames": 40,
            "pixel_mean": 3022.801186980542,
            "pixel_min": 0,
            "pixel_max": 206600,
            "pixel_p1pct": [
                0,
                0,
                0
            ],
            "pixel_1pct": [
                0,
                0,
                200
            ],
            "pixel_5pct": [
                200,
                375,
                710
            ],
            "pixel_95pct": [
                5800,
                7545,
                9653
            ],
            "pixel_99pct": [
                9000,
                12600,
                15400
            ],
            "pixel_99p9pct": [
                17200,
                22555,
                31400
            ],
            "pixel_std": 2790.1654790982434
        },
        "image_ids": [
            11,
            12,
            13,
            14,
            15,
            16,
            17,
            18,
            19,
            20,
            21,
            22,
            23,
            24,
            25,
            26,
            57,
            58,
            59,
            60,
            61,
            62,
            63,
            64,
            65,
            66,
            67,
            68,
            69,
            70,
            71,
            72,
            73,
            74,
            75,
            76,
            77,
            78,
            79,
            80,
            110,
            111,
            112,
            113,
            114,
            115,
            116,
            117,
            118,
            119,
            120,
            121,
            122,
            123,
            124,
            125,
            126,
            127,
            128,
            129,
            130,
            131,
            132,
            133,
            134,
            135,
            136,
            137,
            138,
            139,
            140,
            141,
            142,
            143,
            144,
            145,
            155,
            156,
            157,
            158,
            159,
            160,
            161,
            162,
            163,
            164,
            165,
            166,
            167,
            168,
            169,
            170,
            171,
            172,
            173,
            174,
            175,
            176,
            177,
            178,
            179,
            180,
            181,
            182,
            183,
            184,
            185,
            186,
            187,
            188,
            189,
            190,
            200,
            201,
            202,
            203,
            204,
            205,
            206,
            207,
            208,
            209,
            210,
            211,
            212,
            213,
            214,
            215,
            216,
            217,
            218,
            219,
            220,
            221,
            222,
            223,
            224,
            225,
            226,
            227,
            228,
            229,
            230,
            231,
            232,
            233,
            234,
            235,
            236,
            237,
            238,
            239,
            240,
            241,
            242,
            243,
            244,
            245,
            246,
            247,
            248,
            249,
            250,
            251,
            252,
            253,
            254,
            255,
            335,
            336,
            337,
            338,
            339,
            340,
            341,
            342,
            343,
            344,
            345,
            346,
            347,
            348,
            349,
            350,
            351,
            352,
            353,
            354,
            355,
            356,
            357,
            358,
            359,
            360,
            361,
            362,
            363,
            364,
            365,
            366,
            367,
            368,
            369,
            370,
            371,
            372,
            373,
            374,
            375,
            376,
            377,
            378,
            379,
            380,
            381,
            382,
            383,
            384,
            385,
            386,
            387,
            388,
            389,
            390
        ],
        "test_ids": [
            61,
            244,
            114,
            383,
            348,
            237,
            353,
            12,
            367,
            124,
            343,
            68,
            72,
            201,
            160,
            387,
            351,
            126,
            212,
            163,
            225,
            57
        ]
    }
}